-10.452,-10.452,-10.428,-10.405,-10.352,-10.289,-10.217,-10.132,-10.023,-9.8819,-9.7035,-9.4778,-9.1876,-8.8091,-8.3069,-7.6429,-6.7415,-5.4148,-3.4708,-0.50796,-10.405,-10.367,-10.33,-10.289,-10.223,-10.158,-10.082,-9.9859,-9.8691,-9.7247,-9.5452,-9.3175,-9.026,-8.6478,-8.1501,-7.4752,-6.5397,-5.2139,-3.2715,-0.30977,-10.302,-10.273,-10.22,-10.174,-10.12,-10.039,-9.9578,-9.8599,-9.7417,-9.5869,-9.3957,-9.1652,-8.8711,-8.491,-7.9904,-7.3125,-6.3752,-5.0511,-3.11,-0.14888,-10.158,-10.124,-10.072,-10.023,-9.953,-9.8841,-9.7888,-9.6902,-9.5718,-9.4077,-9.2233,-8.9922,-8.7006,-8.2944,-7.7908,-7.1096,-6.1705,-4.8498,-2.9097,0.050826,-9.7846,-9.7484,-9.6961,-9.636,-9.5809,-9.4998,-9.4045,-9.3045,-9.1691,-9.0204,-8.8192,-8.592,-8.2759,-7.8936,-7.3893,-6.7163,-5.7333,-4.4205,-2.4814,0.47885
-10.232,-10.232,-10.204,-10.182,-10.128,-10.064,-9.9876,-9.8898,-9.7642,-9.6076,-9.408,-9.1522,-8.8187,-8.3838,-7.8231,-7.0049,-5.8412,-4.1388,-1.5526,2.566,-10.184,-10.145,-10.107,-10.064,-9.9926,-9.9238,-9.8416,-9.7376,-9.6096,-9.4501,-9.2491,-8.9915,-8.6574,-8.218,-7.6251,-6.8041,-5.6386,-3.9379,-1.3535,2.764,-10.082,-10.051,-9.9964,-9.9475,-9.8905,-9.8045,-9.717,-9.6112,-9.4819,-9.3207,-9.0987,-8.8383,-8.5017,-8.0594,-7.4638,-6.6404,-5.4732,-3.7751,-1.192,2.9248,-9.9364,-9.8994,-9.848,-9.7937,-9.7224,-9.6495,-9.5478,-9.4407,-9.3116,-9.1318,-8.926,-8.666,-8.3316,-7.8618,-7.2627,-6.4367,-5.2675,-3.5738,-0.99181,3.1245,-9.5643,-9.5169,-9.4708,-9.4078,-9.3346,-9.2657,-9.164,-9.0547,-8.9077,-8.7455,-8.5225,-8.2649,-7.9049,-7.4604,-6.8638,-6.0473,-4.8287,-3.1444,-0.56326,3.5527
-10.009,-10.009,-9.9787,-9.9544,-9.8991,-9.836,-9.7499,-9.6452,-9.5107,-9.3413,-9.124,-8.8424,-8.4788,-8.0123,-7.3365,-6.3834,-5.0009,-2.9291,0.3149,5.6747,-9.9601,-9.9216,-9.8824,-9.8369,-9.7625,-9.6904,-9.6032,-9.4926,-9.3555,-9.1834,-8.9643,-8.6814,-8.3111,-7.8163,-7.1371,-6.1817,-4.7977,-2.7283,0.51378,5.8725,-9.8592,-9.8269,-9.7708,-9.72,-9.6604,-9.5706,-9.4782,-9.3656,-9.2274,-9.0544,-8.8131,-8.5274,-8.1544,-7.6563,-6.9747,-6.0174,-4.6318,-2.5656,0.67517,6.0332,-9.7128,-9.6672,-9.6224,-9.5573,-9.4917,-9.4151,-9.3082,-9.1948,-9.0564,-8.8636,-8.6402,-8.3557,-7.984,-7.4791,-6.7726,-5.8132,-4.4255,-2.3644,0.87537,6.2329,-9.3403,-9.2915,-9.2444,-9.1793,-9.1031,-9.031,-8.9241,-8.8053,-8.6517,-8.4783,-8.237,-7.9538,-7.5558,-7.0562,-6.3768,-5.4285,-3.9858,-1.9352,1.304,6.6612
-9.7844,-9.7844,-9.7518,-9.7258,-9.6687,-9.6023,-9.5126,-9.4021,-9.2601,-9.0797,-8.847,-8.5429,-8.1724,-7.631,-6.8762,-5.7972,-4.2057,-1.7707,2.1429,8.8174,-9.7343,-9.6957,-9.6556,-9.6086,-9.5314,-9.4566,-9.3652,-9.2491,-9.1041,-8.9213,-8.6866,-8.3815,-7.9793,-7.4337,-6.6758,-5.595,-4.0022,-1.5702,2.3416,9.015,-9.6342,-9.6008,-9.5433,-9.4909,-9.4291,-9.3362,-9.2396,-9.1215,-8.9756,-8.7915,-8.5345,-8.2267,-7.8214,-7.2728,-6.5125,-5.4303,-3.8361,-1.4077,2.5028,9.1755,-9.4869,-9.4371,-9.3946,-9.3277,-9.2598,-9.18,-9.0689,-8.9502,-8.8019,-8.5999,-8.3615,-8.0553,-7.6505,-7.1049,-6.3098,-5.2258,-3.6296,-1.2066,2.7029,9.3751,-9.1134,-9.0637,-9.0134,-8.9493,-8.8708,-8.7951,-8.684,-8.5497,-8.3985,-8.1946,-7.9584,-7.6527,-7.2211,-6.6721,-5.9171,-4.8464,-3.1893,-0.77748,3.1316,9.8034
-9.5573,-9.5573,-9.5229,-9.4955,-9.437,-9.3677,-9.2748,-9.1593,-9.0107,-8.8208,-8.5744,-8.2656,-7.8512,-7.2633,-6.4355,-5.2381,-3.446,-0.65348,3.9393,11.993,-9.5065,-9.4677,-9.4267,-9.3785,-9.2989,-9.2218,-9.1266,-9.0058,-8.8541,-8.6617,-8.4132,-8.0888,-7.6568,-7.065,-6.2342,-5.0356,-3.2425,-0.45324,4.1377,12.191,-9.4067,-9.3723,-9.3137,-9.26,-9.1962,-9.1006,-9.0006,-8.8775,-8.725,-8.5312,-8.2656,-7.933,-7.4981,-6.9034,-6.0704,-4.8707,-3.0763,-0.29093,4.2988,12.351,-9.2588,-9.2082,-9.1641,-9.0958,-9.0262,-8.9414,-8.8291,-8.7057,-8.546,-8.3388,-8.0871,-7.7616,-7.3268,-6.7358,-5.8671,-4.666,-2.8697,-0.090048,4.4988,12.551,-8.8839,-8.8333,-8.7747,-8.7172,-8.6367,-8.546,-8.4432,-8.304,-8.1464,-7.9329,-7.684,-7.3584,-6.8966,-6.3026,-5.4779,-4.2925,-2.4365,0.33897,4.9273,12.979
-9.3279,-9.3279,-9.2919,-9.2634,-9.2036,-9.1318,-9.0361,-8.9162,-8.7617,-8.5633,-8.3046,-7.9921,-7.5366,-6.9058,-6.0098,-4.7003,-2.715,0.42998,5.7097,15.202,-9.2764,-9.2373,-9.1957,-9.1465,-9.0647,-8.9855,-8.8871,-8.762,-8.6043,-8.4035,-8.1426,-7.8005,-7.3412,-6.7067,-5.8079,-4.4976,-2.5115,0.62991,5.9079,15.399,-9.1766,-9.1415,-9.0819,-9.0271,-8.9614,-8.8635,-8.7605,-8.6331,-8.4746,-8.2722,-7.9994,-7.6439,-7.1818,-6.5444,-5.6436,-4.3326,-2.3454,0.79199,6.0688,15.56,-9.0282,-8.9769,-8.9314,-8.8617,-8.7908,-8.6993,-8.5881,-8.4607,-8.2909,-8.079,-7.8153,-7.4721,-7.0101,-6.3774,-5.44,-4.128,-2.1388,0.99269,6.2686,15.759,-8.6517,-8.6004,-8.5408,-8.4828,-8.4006,-8.3027,-8.2012,-8.0577,-7.8945,-7.6724,-7.4122,-7.0686,-6.5793,-5.944,-5.0543,-3.7608,-1.7262,1.4215,6.697,16.187
-9.0962,-9.0962,-9.0589,-9.0292,-8.9683,-8.8943,-8.7961,-8.6722,-8.5125,-8.3062,-8.0363,-7.708,-7.2268,-6.5559,-5.5958,-4.1797,-2.0075,1.4852,7.4588,18.444,-9.0442,-9.0047,-8.9624,-8.9123,-8.8286,-8.7475,-8.6463,-8.5174,-8.3542,-8.1456,-7.8735,-7.5152,-7.0304,-6.3561,-5.3934,-3.977,-1.8042,1.6848,7.6567,18.641,-8.9441,-8.9082,-8.8478,-8.7921,-8.7246,-8.6247,-8.5189,-8.3876,-8.2238,-8.0137,-7.7345,-7.3576,-6.8704,-6.1934,-5.2288,-3.812,-1.6382,1.8466,7.8174,18.801,-8.795,-8.7431,-8.6963,-8.6255,-8.5533,-8.4563,-8.3457,-8.2145,-8.0361,-7.8196,-7.5449,-7.1856,-6.6985,-6.027,-5.0251,-3.6074,-1.4317,2.0471,8.017,19,-8.4169,-8.3649,-8.3045,-8.2459,-8.1622,-8.0623,-7.9577,-7.8103,-7.6421,-7.4122,-7.1419,-6.782,-6.2673,-5.5937,-4.643,-3.2469,-1.036,2.4757,8.4452,19.427
-8.8622,-8.8622,-8.8237,-8.793,-8.731,-8.655,-8.5545,-8.427,-8.2624,-8.0491,-7.7811,-7.4255,-6.9202,-6.2118,-5.191,-3.6732,-1.3198,2.5164,9.19,21.718,-8.8097,-8.7697,-8.7268,-8.6755,-8.5911,-8.5077,-8.4038,-8.2714,-8.1032,-7.8875,-7.6053,-7.2315,-6.723,-6.0114,-4.9884,-3.4705,-1.1167,2.7157,9.3875,21.914,-8.7091,-8.6725,-8.6114,-8.5547,-8.4857,-8.3839,-8.2757,-8.1408,-7.972,-7.7549,-7.47,-7.0731,-6.5624,-5.8483,-4.8237,-3.3057,-0.95092,2.8772,9.548,22.074,-8.5592,-8.5067,-8.4588,-8.387,-8.3136,-8.2121,-8.1015,-7.967,-7.7811,-7.56,-7.275,-6.9008,-6.3905,-5.683,-4.623,-3.1011,-0.74461,3.0775,9.7474,22.273,-8.1794,-8.1269,-8.0657,-8.0066,-7.9216,-7.8198,-7.7123,-7.5615,-7.3886,-7.1517,-6.8721,-6.4973,-5.9591,-5.2498,-4.2416,-2.7476,-0.36269,3.5058,10.175,22.7
-8.6258,-8.6258,-8.5862,-8.5546,-8.4917,-8.4138,-8.3111,-8.1804,-8.0112,-7.7913,-7.5254,-7.1437,-6.6159,-5.8721,-4.7938,-3.1784,-0.64889,3.5271,10.906,25.025,-8.5729,-8.5323,-8.4889,-8.4364,-8.3518,-8.2658,-8.1594,-8.0238,-7.851,-7.6287,-7.3372,-6.9487,-6.418,-5.6712,-4.5911,-2.9759,-0.44609,3.7259,11.103,25.221,-8.4716,-8.4343,-8.3725,-8.3149,-8.2445,-8.141,-8.0305,-7.8923,-7.7189,-7.4954,-7.204,-6.7896,-6.2569,-5.5079,-4.4264,-2.8111,-0.28049,3.8872,11.263,25.38,-8.3207,-8.2677,-8.2188,-8.1461,-8.0715,-7.9681,-7.8553,-7.7177,-7.5257,-7.2997,-7.0051,-6.6169,-6.0851,-5.3439,-4.2369,-2.6068,-0.074401,4.0872,11.463,25.579,-7.9392,-7.8861,-7.8243,-7.7648,-7.6786,-7.5752,-7.465,-7.311,-7.134,-6.8907,-6.6022,-6.207,-5.6536,-4.9109,-3.8481,-2.2604,0.29617,4.5152,11.89,26.006
-8.3871,-8.3871,-8.3464,-8.3139,-8.2501,-8.1705,-8.0658,-7.9321,-7.7587,-7.5325,-7.2603,-6.8622,-6.313,-5.5356,-4.4027,-2.6935,0.007708,4.52,12.61,28.364,-8.3337,-8.2924,-8.2485,-8.195,-8.1104,-8.0217,-7.9131,-7.7744,-7.5973,-7.3688,-7.0685,-6.6662,-6.1144,-5.3344,-4.2,-2.4912,0.21017,4.7184,12.806,28.559,-8.2314,-8.1935,-8.1311,-8.0726,-8.0009,-7.896,-7.7832,-7.6419,-7.4643,-7.2347,-6.9341,-6.5064,-5.9529,-5.171,-4.0353,-2.3266,0.3755,4.8793,12.966,28.718,-8.0794,-8.026,-7.9762,-7.9027,-7.827,-7.7221,-7.607,-7.4665,-7.2704,-7.0382,-6.7347,-6.3333,-5.7815,-5.0086,-3.8563,-2.1224,0.58133,5.079,13.165,28.916,-7.6962,-7.6427,-7.5803,-7.5204,-7.4331,-7.3282,-7.2155,-7.0586,-6.8779,-6.6287,-6.3318,-5.9105,-5.3501,-4.5759,-3.4611,-1.7835,0.94262,5.5066,13.592,29.343
-8.1459,-8.1459,-8.1043,-8.0709,-8.0064,-7.9251,-7.8185,-7.6818,-7.5044,-7.2725,-6.9918,-6.5804,-6.0108,-5.2015,-4.0166,-2.2169,0.65191,5.4972,14.302,31.735,-8.0923,-8.0501,-8.0057,-7.9511,-7.8669,-7.7753,-7.6646,-7.523,-7.3418,-7.1074,-6.7989,-6.3835,-5.8116,-5.0002,-3.814,-2.0149,0.85399,5.6952,14.498,31.93,-7.9887,-7.9501,-7.8872,-7.8277,-7.7548,-7.6485,-7.5337,-7.3895,-7.2078,-6.9725,-6.6633,-6.2281,-5.6497,-4.8368,-3.6495,-1.8505,1.019,5.8558,14.658,32.089,-7.8353,-7.7815,-7.7309,-7.6567,-7.5799,-7.4736,-7.3564,-7.2131,-7.0132,-6.7753,-6.4635,-6.0496,-5.479,-4.6762,-3.4802,-1.6465,1.2245,6.0551,14.857,32.286,-7.4503,-7.3965,-7.3335,-7.2686,-7.1849,-7.0787,-6.9638,-6.8042,-6.6201,-6.3653,-6.0606,-5.6204,-5.0479,-4.2439,-3.0795,-1.3153,1.5784,6.4823,15.283,32.712
-7.9024,-7.9024,-7.8598,-7.8256,-7.7603,-7.6774,-7.569,-7.4296,-7.2483,-7.0144,-6.7219,-6.2978,-5.7087,-4.8692,-3.6345,-1.7475,1.2853,6.4608,15.985,35.139,-7.8484,-7.8052,-7.7604,-7.7047,-7.6211,-7.5265,-7.4139,-7.2695,-7.0843,-6.8445,-6.5279,-6.1001,-5.5091,-4.6679,-3.4321,-1.5457,1.487,6.6583,16.181,35.333,-7.7433,-7.704,-7.6406,-7.5802,-7.5062,-7.3986,-7.2818,-7.1347,-6.9493,-6.7085,-6.3912,-5.9508,-5.347,-4.5046,-3.2678,-1.3815,1.6517,6.8185,16.341,35.491,-7.5884,-7.5342,-7.4829,-7.408,-7.3302,-7.2226,-7.1033,-6.9575,-6.754,-6.5107,-6.191,-5.7653,-5.1772,-4.3461,-3.1077,-1.1778,1.8569,7.0175,16.539,35.689,-7.2017,-7.1475,-7.084,-7.0144,-6.9342,-6.8266,-6.7097,-6.5476,-6.3604,-6.1004,-5.7884,-5.3364,-4.7465,-3.9142,-2.7022,-0.8545,2.2048,7.4442,16.965,36.114
-7.6565,-7.6565,-7.6129,-7.5779,-7.5118,-7.4274,-7.3172,-7.1752,-6.9902,-6.7584,-6.4503,-6.014,-5.4064,-4.5381,-3.2558,-1.284,1.9093,7.4123,17.661,38.575,-7.6021,-7.5577,-7.5124,-7.4558,-7.373,-7.2751,-7.1607,-7.0136,-6.8247,-6.5797,-6.2554,-5.8156,-5.2064,-4.337,-3.0537,-1.0826,2.1105,7.6093,17.856,38.768,-7.4951,-7.4552,-7.3913,-7.3299,-7.2548,-7.1461,-7.0273,-6.8776,-6.6886,-6.4426,-6.1175,-5.6729,-5.0443,-4.1738,-2.8896,-0.91863,2.2749,7.7691,18.015,38.926,-7.3386,-7.284,-7.232,-7.1565,-7.0777,-6.9689,-6.8477,-6.6995,-6.4927,-6.2441,-5.9171,-5.4803,-4.8756,-4.0176,-2.7383,-0.7152,2.4797,7.9676,18.213,39.123,-6.9502,-6.8956,-6.8317,-6.7584,-6.6807,-6.5719,-6.4531,-6.2887,-6.0986,-5.8337,-5.5149,-5.0517,-4.4454,-3.5862,-2.3286,-0.4001,2.8231,8.3938,18.639,39.548
-7.408,-7.408,-7.3636,-7.3277,-7.2609,-7.1751,-7.0629,-6.9185,-6.7299,-6.5006,-6.1767,-5.7287,-5.1035,-4.2079,-2.8797,-0.82579,2.525,8.353,19.33,42.043,-7.3534,-7.3077,-7.2618,-7.2042,-7.1226,-7.0212,-6.9049,-6.7552,-6.5627,-6.3128,-5.9809,-5.5298,-4.9033,-4.0069,-2.678,-0.62467,2.7257,8.5495,19.525,42.236,-7.2442,-7.2037,-7.1393,-7.0768,-7.0007,-6.8909,-6.7702,-6.6179,-6.4255,-6.1744,-5.8421,-5.3942,-4.7412,-3.844,-2.5142,-0.46101,2.8897,8.7089,19.683,42.393,-7.0858,-7.0309,-6.9783,-6.9022,-6.8224,-6.7125,-6.5894,-6.4389,-6.2295,-5.9755,-5.6416,-5.1943,-4.5739,-3.6904,-2.3712,-0.25786,3.0941,8.907,19.881,42.589,-6.6957,-6.6408,-6.5765,-6.5006,-6.4244,-6.3146,-6.1941,-6.0274,-5.8347,-5.5652,-5.24,-4.7662,-4.1443,-3.2594,-1.958,0.04877,3.4343,9.3325,20.306,43.013
-7.1571,-7.1571,-7.1117,-7.075,-7.0074,-6.9202,-6.8062,-6.6593,-6.4672,-6.2365,-5.9009,-5.4416,-4.7998,-3.8781,-2.5059,-0.37198,3.1335,9.2841,20.993,45.543,-7.1022,-7.0549,-7.0085,-6.9499,-6.8699,-6.7644,-6.6465,-6.4943,-6.2981,-6.0435,-5.7042,-5.2424,-4.5996,-3.6774,-2.3045,-0.17123,3.3336,9.48,21.188,45.735,-6.9903,-6.9492,-6.8845,-6.8207,-6.7438,-6.6329,-6.5103,-6.3555,-6.1598,-5.9039,-5.5647,-5.1075,-4.4376,-3.5147,-2.141,-0.0078659,3.4972,9.639,21.346,45.892,-6.8299,-6.7747,-6.7216,-6.6449,-6.5641,-6.4544,-6.3283,-6.1757,-5.9656,-5.7047,-5.3642,-4.9071,-4.2719,-3.3638,-2.0059,0.19498,3.7011,9.8366,21.543,46.087,-6.4383,-6.3831,-6.3184,-6.2417,-6.1653,-6.0545,-5.9324,-5.7637,-5.5685,-5.2947,-4.9636,-4.4796,-3.8428,-2.9335,-1.5897,0.49283,4.0393,10.261,21.967,46.511
-6.9037,-6.9037,-6.8573,-6.8197,-6.7514,-6.6628,-6.5469,-6.3975,-6.2019,-5.9658,-5.6227,-5.1526,-4.495,-3.5485,-2.1337,0.078057,3.7355,10.207,22.652,49.074,-6.8485,-6.7993,-6.7523,-6.6929,-6.6147,-6.5049,-6.3853,-6.2305,-6.0309,-5.7717,-5.4253,-4.9532,-4.295,-3.3481,-1.9327,0.2784,3.935,10.402,22.846,49.266,-6.7335,-6.6919,-6.6268,-6.5616,-6.4837,-6.3719,-6.2476,-6.0902,-5.8915,-5.6308,-5.2853,-4.8187,-4.1401,-3.1857,-1.7696,0.44145,4.0981,10.56,23.003,49.422,-6.5709,-6.5155,-6.4618,-6.3846,-6.3029,-6.1952,-6.0643,-5.9096,-5.6998,-5.4315,-5.085,-4.6187,-3.9691,-3.0377,-1.6422,0.64398,4.3016,10.758,23.199,49.617,-6.178,-6.1225,-6.0574,-5.9802,-5.9034,-5.7916,-5.6681,-5.4975,-5.3001,-5.0221,-4.6855,-4.1918,-3.5408,-2.608,-1.2234,0.93271,4.6389,11.182,23.623,50.04
-6.6478,-6.6478,-6.6003,-6.5618,-6.4928,-6.4027,-6.2849,-6.133,-5.9339,-5.6922,-5.3417,-4.8614,-4.1892,-3.2188,-1.7628,0.52487,4.3317,11.121,24.306,52.638,-6.5924,-6.5409,-6.4933,-6.4329,-6.3552,-6.2446,-6.121,-5.9638,-5.7608,-5.4971,-5.1438,-4.6622,-3.9894,-3.0187,-1.5623,0.72477,4.5307,11.316,24.499,52.829,-6.4736,-6.4315,-6.366,-6.2995,-6.2205,-6.1077,-5.9818,-5.822,-5.6202,-5.3552,-5.0037,-4.5283,-3.8436,-2.8566,-1.3995,0.88749,4.6932,11.474,24.656,52.985,-6.3088,-6.2531,-6.1987,-6.1211,-6.0386,-5.9338,-5.7974,-5.6407,-5.4322,-5.1558,-4.8036,-4.3287,-3.6655,-2.7118,-1.2795,1.0897,4.8962,11.671,24.852,53.179,-5.9146,-5.8589,-5.7934,-5.7157,-5.6386,-5.5258,-5.4012,-5.2288,-5.0293,-4.7474,-4.4055,-3.9026,-3.238,-2.2826,-0.85869,1.3689,5.2337,12.094,25.275,53.6
-6.3893,-6.3893,-6.3407,-6.3011,-6.2314,-6.1398,-6.0201,-5.8655,-5.6701,-5.4155,-5.0578,-4.5681,-3.882,-2.8887,-1.3928,0.96896,4.9229,12.029,25.957,56.233,-6.3336,-6.2796,-6.2313,-6.1699,-6.0907,-5.9837,-5.8534,-5.694,-5.4878,-5.2194,-4.8598,-4.3691,-3.6826,-2.6889,-1.1928,1.1684,5.1212,12.223,26.15,56.423,-6.2106,-6.1679,-6.1021,-6.0343,-5.9539,-5.8442,-5.7128,-5.5508,-5.3459,-5.0768,-4.7199,-4.2363,-3.5461,-2.5272,-1.0304,1.3308,5.2832,12.381,26.306,56.578,-6.0436,-5.9876,-5.9323,-5.8541,-5.7711,-5.6671,-5.5274,-5.3688,-5.1625,-4.8776,-4.5202,-4.0372,-3.3608,-2.3856,-0.91756,1.5326,5.4856,12.577,26.501,56.772,-5.6482,-5.5922,-5.5264,-5.4489,-5.3708,-5.2572,-5.1316,-4.9574,-4.7561,-4.4704,-4.1237,-3.6118,-2.9341,-1.9571,-0.49512,1.8019,5.8244,12.999,26.923,57.192
-6.1282,-6.1282,-6.0783,-6.0377,-5.9672,-5.874,-5.7524,-5.5948,-5.404,-5.1354,-4.771,-4.2726,-3.5734,-2.558,-1.0235,1.4107,5.5096,12.931,27.605,59.86,-6.0713,-6.0151,-5.9662,-5.9037,-5.8232,-5.7203,-5.5825,-5.4208,-5.2116,-4.9387,-4.573,-4.074,-3.3745,-2.3586,-0.82388,1.6097,5.7071,13.124,27.797,60.049,-5.9443,-5.901,-5.8349,-5.766,-5.6837,-5.5798,-5.4405,-5.2764,-5.0685,-4.7958,-4.4338,-3.9426,-3.2474,-2.1973,-0.66188,1.7717,5.8685,13.281,27.953,60.203,-5.7751,-5.7203,-5.6623,-5.5838,-5.5002,-5.3952,-5.2544,-5.0939,-4.8863,-4.5969,-4.2346,-3.7439,-3.0548,-2.0591,-0.55609,1.9731,6.0703,13.476,28.147,60.396,-5.3787,-5.3225,-5.2564,-5.1805,-5.1001,-4.9856,-4.8593,-4.6834,-4.4804,-4.1911,-3.8398,-3.3193,-2.629,-1.6312,-0.13243,2.2321,6.4114,13.898,28.569,60.815
-5.8645,-5.8645,-5.8133,-5.7713,-5.6999,-5.6051,-5.4814,-5.3209,-5.1277,-4.8516,-4.4812,-3.975,-3.2633,-2.2265,-0.65441,1.8506,6.0922,13.826,29.251,63.518,-5.804,-5.7476,-5.6978,-5.6341,-5.5522,-5.4503,-5.3128,-5.1442,-4.932,-4.6547,-4.2836,-3.7769,-3.0649,-2.0275,-0.45532,2.049,6.289,14.019,29.442,63.706,-5.6747,-5.6306,-5.5693,-5.4943,-5.4103,-5.3067,-5.1647,-4.9987,-4.788,-4.512,-4.1455,-3.6469,-2.9464,-1.8665,-0.29372,2.2106,6.4498,14.175,29.597,63.859,-5.5032,-5.4545,-5.3891,-5.3128,-5.226,-5.12,-4.9781,-4.8159,-4.6064,-4.3137,-3.9468,-3.4487,-2.7475,-1.7319,-0.1948,2.4117,6.6509,14.37,29.791,64.051,-5.1062,-5.0497,-4.9833,-4.9099,-4.8264,-4.7112,-4.5842,-4.4067,-4.2021,-3.9093,-3.5538,-3.0249,-2.3226,-1.3047,0.22964,2.6598,6.9954,14.79,30.211,64.468
-5.5981,-5.5981,-5.5454,-5.502,-5.4296,-5.3329,-5.207,-5.0435,-4.8452,-4.5643,-4.1887,-3.6751,-2.9515,-1.894,-0.28539,2.2889,6.6713,14.717,30.895,67.206,-5.5334,-5.4768,-5.4259,-5.361,-5.2776,-5.1737,-5.0431,-4.8647,-4.6488,-4.3674,-3.9915,-3.4776,-2.7535,-1.6954,-0.08681,2.4867,6.8672,14.908,31.084,67.392,-5.4015,-5.3565,-5.2983,-5.2189,-5.1333,-5.0286,-4.8856,-4.7175,-4.5043,-4.2256,-3.8547,-3.3491,-2.6371,-1.5349,0.074361,2.6478,7.0273,15.064,31.239,67.545,-5.2279,-5.1792,-5.1125,-5.0434,-4.9485,-4.8415,-4.6985,-4.535,-4.3239,-4.0278,-3.6565,-3.1515,-2.4387,-1.4039,0.16652,2.8485,7.2277,15.258,31.432,67.736,-4.8305,-4.7738,-4.7071,-4.6369,-4.5498,-4.4337,-4.3062,-4.1272,-3.9213,-3.6251,-3.2656,-2.7286,-2.0147,-0.97749,0.59133,3.0853,7.5766,15.677,31.851,68.152
-5.3291,-5.3291,-5.2747,-5.2295,-5.1559,-5.0572,-4.9288,-4.7715,-4.5585,-4.2735,-3.8935,-3.373,-2.6377,-1.5604,0.083821,2.7259,7.2471,15.602,32.536,70.924,-5.2591,-5.2061,-5.1505,-5.084,-4.9992,-4.8931,-4.7609,-4.5914,-4.3619,-4.077,-3.6969,-3.1759,-2.4403,-1.3622,0.28187,2.9231,7.4422,15.793,32.725,71.109,-5.1268,-5.0786,-5.0195,-4.9398,-4.8526,-4.7471,-4.603,-4.4328,-4.2176,-3.9364,-3.5613,-3.0492,-2.326,-1.2093,0.44261,3.0838,7.6015,15.948,32.878,71.261,-4.9488,-4.8993,-4.8323,-4.7636,-4.6677,-4.5598,-4.4157,-4.2509,-4.0385,-3.7391,-3.3638,-2.8521,-2.1282,-1.0749,0.52811,3.284,7.8011,16.141,33.07,71.45,-4.5517,-4.4948,-4.4278,-4.3615,-4.27,-4.1533,-4.0254,-3.8449,-3.6377,-3.3383,-2.975,-2.4303,-1.7052,-0.64928,0.95284,3.5089,8.1556,16.559,33.488,71.865
-5.0574,-5.0574,-5.0011,-4.9536,-4.8785,-4.7776,-4.6464,-4.4883,-4.2677,-3.9798,-3.5957,-3.0684,-2.322,-1.2254,0.45342,3.1618,7.8201,16.483,34.176,74.671,-4.981,-4.934,-4.8711,-4.8031,-4.7167,-4.6085,-4.4747,-4.3038,-4.0836,-3.7837,-3.3995,-2.8719,-2.1252,-1.0277,0.65094,3.3584,8.0142,16.673,34.363,74.855,-4.8538,-4.7968,-4.7369,-4.6568,-4.5682,-4.4618,-4.3167,-4.1451,-3.9278,-3.6443,-3.2654,-2.7469,-2.0131,-0.88418,0.81124,3.5186,8.1727,16.827,34.516,75.006,-4.6662,-4.6159,-4.5486,-4.4797,-4.3833,-4.275,-4.1299,-3.9638,-3.7501,-3.4477,-3.0685,-2.5505,-1.8159,-0.74483,0.89014,3.7183,8.3714,17.019,34.707,75.194,-4.2698,-4.2127,-4.1455,-4.0835,-3.9871,-3.8697,-3.7416,-3.5597,-3.3513,-3.0488,-2.682,-2.1297,-1.394,-0.31996,1.3143,3.9306,8.7326,17.436,35.124,75.608
-4.783,-4.783,-4.7262,-4.6741,-4.5973,-4.4937,-4.3652,-4.1961,-3.9737,-3.6833,-3.295,-2.7612,-2.0041,-0.88885,0.8236,3.5969,8.3905,17.36,35.814,78.447,-4.6988,-4.6552,-4.5877,-4.5178,-4.4297,-4.3199,-4.1842,-4.0124,-3.7931,-3.4979,-3.0993,-2.5652,-1.8078,-0.69174,1.0206,3.7928,8.5835,17.548,36,78.63,-4.5679,-4.5107,-4.4501,-4.3697,-4.2801,-4.1727,-4.037,-3.8542,-3.6352,-3.3492,-2.9666,-2.4422,-1.6984,-0.55775,1.1804,3.9525,8.7411,17.702,36.152,78.779,-4.3797,-4.329,-4.2615,-4.1924,-4.0955,-3.987,-3.841,-3.6738,-3.4587,-3.1533,-2.7704,-2.2465,-1.5017,-0.41344,1.2528,4.1518,8.9389,17.893,36.342,78.966,-3.9847,-3.9275,-3.86,-3.798,-3.7011,-3.583,-3.4547,-3.2714,-3.062,-2.7565,-2.3865,-1.8268,-1.0809,0.010597,1.676,4.3508,9.308,18.309,36.757,79.378
-4.5059,-4.5059,-4.4489,-4.3911,-4.3113,-4.2046,-4.075,-3.9003,-3.6765,-3.3837,-2.9914,-2.4513,-1.6839,-0.55069,1.1945,4.0315,8.9585,18.232,37.45,82.251,-4.4129,-4.3672,-4.3013,-4.2277,-4.1382,-4.0268,-3.8902,-3.7177,-3.497,-3.2086,-2.7997,-2.2559,-1.4883,-0.35415,1.3909,4.2266,9.1505,18.42,37.635,82.432,-4.2775,-4.2201,-4.1594,-4.0853,-3.988,-3.8802,-3.7447,-3.5601,-3.3396,-3.0512,-2.665,-2.135,-1.3815,-0.22989,1.5503,4.3858,9.3071,18.572,37.785,82.58,-4.0896,-4.0386,-3.9708,-3.9017,-3.8043,-3.6958,-3.5489,-3.3806,-3.1644,-2.856,-2.4695,-1.9399,-1.1855,-0.080656,1.6163,4.5846,9.5038,18.763,37.975,82.766,-3.6964,-3.6391,-3.5713,-3.5092,-3.4119,-3.2931,-3.1648,-2.9802,-2.7697,-2.4613,-2.0883,-1.5216,-0.76581,0.34253,2.038,4.7695,9.8821,19.177,38.388,83.175
-4.2259,-4.2259,-4.1688,-4.1038,-4.0207,-3.9164,-3.7767,-3.601,-3.3759,-3.0809,-2.685,-2.1386,-1.3613,-0.21075,1.5663,4.4656,9.5244,19.101,39.084,86.08,-4.1223,-4.0743,-4.0136,-3.9326,-3.8419,-3.73,-3.5927,-3.4197,-3.1976,-2.9071,-2.5073,-1.9437,-1.1663,-0.014806,1.7622,4.66,9.7152,19.287,39.267,86.26,-3.9827,-3.9251,-3.8644,-3.7901,-3.6924,-3.5841,-3.4485,-3.2627,-3.0407,-2.7503,-2.3604,-1.8251,-1.0625,0.099507,1.9211,4.8186,9.8709,19.439,39.417,86.406,-3.8021,-3.7446,-3.6766,-3.6075,-3.5097,-3.4012,-3.2535,-3.0842,-2.867,-2.5558,-2.1657,-1.6308,-0.86716,0.25365,1.9807,5.0169,10.066,19.628,39.605,86.591,-3.4049,-3.3473,-3.2793,-3.2171,-3.1194,-3,-2.8717,-2.6858,-2.4743,-2.1631,-1.7874,-1.2137,-0.44861,0.67595,2.4004,5.1869,10.455,20.041,40.016,86.999
-3.9432,-3.9419,-3.8859,-3.8182,-3.7276,-3.6149,-3.4747,-3.2982,-3.0719,-2.7747,-2.3754,-1.8231,-1.0361,0.1311,1.9392,4.8995,10.088,19.966,40.715,89.935,-3.8267,-3.7762,-3.7132,-3.6397,-3.5418,-3.4295,-3.2916,-3.1181,-2.8948,-2.6024,-2.2092,-1.6312,-0.8417,0.32643,2.1345,5.0931,10.278,20.151,40.897,90.113,-3.683,-3.6339,-3.5657,-3.4912,-3.393,-3.2844,-3.1489,-2.9618,-2.7384,-2.4462,-2.0528,-1.5123,-0.74122,0.43055,2.2929,5.2511,10.432,20.301,41.046,90.257,-3.5046,-3.4469,-3.3787,-3.3096,-3.2114,-3.1032,-2.9546,-2.7844,-2.5664,-2.2524,-1.8589,-1.3188,-0.54653,0.58957,2.3461,5.4488,10.627,20.49,41.232,90.441,-3.1099,-3.0522,-2.984,-2.9216,-2.8234,-2.7035,-2.5754,-2.3883,-2.1759,-1.862,-1.4837,-0.90322,-0.12917,1.011,2.7634,5.603,11.027,20.901,41.642,90.846
-3.6577,-3.649,-3.592,-3.5157,-3.4226,-3.3096,-3.1689,-2.9917,-2.7642,-2.4651,-2.0626,-1.5048,-0.70825,0.47498,2.3132,5.3333,10.651,20.827,42.344,93.812,-3.5308,-3.4729,-3.409,-3.3362,-3.2376,-3.1253,-2.9868,-2.8128,-2.5884,-2.2944,-1.8981,-1.3275,-0.51442,0.66971,2.5079,5.526,10.839,21.011,42.525,93.988,-3.3796,-3.3313,-3.2629,-3.1887,-3.0901,-2.9809,-2.8454,-2.6571,-2.4326,-2.1388,-1.7423,-1.1967,-0.41752,0.76334,2.6659,5.6834,10.992,21.16,42.672,94.131,-3.2036,-3.1457,-3.0844,-3.0078,-2.9092,-2.8014,-2.656,-2.4811,-2.2624,-1.9459,-1.5492,-1.004,-0.2235,0.92723,2.7128,5.8806,11.185,21.347,42.857,94.313,-2.8113,-2.7534,-2.685,-2.6226,-2.524,-2.4034,-2.2757,-2.0874,-1.8742,-1.5576,-1.177,-0.58994,0.19264,1.3478,3.127,6.0179,11.599,21.756,43.264,94.716
-3.3692,-3.3475,-3.2838,-3.2072,-3.114,-3,-2.8593,-2.6814,-2.4527,-2.1519,-1.7463,-1.1834,-0.37773,0.82101,2.6884,5.767,11.211,21.683,43.969,97.71,-3.2234,-3.1654,-3.1016,-3.0277,-2.9383,-2.8172,-2.6782,-2.5035,-2.2784,-1.9828,-1.5838,-1.0215,-0.18441,1.0152,2.8825,5.9588,11.398,21.866,44.148,97.884,-3.0731,-3.0238,-2.9552,-2.8823,-2.7937,-2.6737,-2.5379,-2.3625,-2.1232,-1.828,-1.4286,-0.87804,-0.091271,1.098,3.0401,6.1156,11.55,22.014,44.293,98.025,-2.8988,-2.8408,-2.7841,-2.7022,-2.6051,-2.4956,-2.3625,-2.1741,-1.955,-1.6359,-1.2363,-0.68625,0.10208,1.2667,3.0808,6.3123,11.741,22.2,44.477,98.205,-2.5089,-2.4509,-2.3823,-2.3198,-2.2208,-2.0997,-1.9726,-1.7832,-1.5692,-1.2501,-0.8673,-0.27378,0.51699,1.6864,3.4914,6.4317,12.16,22.608,44.883,98.606
-3.078,-3.0361,-2.9712,-2.8944,-2.8015,-2.6864,-2.5454,-2.3671,-2.1373,-1.8349,-1.4264,-0.85878,-0.044515,1.1693,3.065,6.2007,11.769,22.536,45.589,101.63,-2.9113,-2.8591,-2.7903,-2.7151,-2.6263,-2.5047,-2.3656,-2.1903,-1.9646,-1.6676,-1.2661,-0.71105,0.14812,1.363,3.2586,6.3917,11.955,22.717,45.766,101.8,-2.7702,-2.7121,-2.6505,-2.5716,-2.484,-2.3623,-2.2264,-2.0549,-1.8099,-1.5135,-1.1116,-0.55643,0.23769,1.4345,3.4157,6.5478,12.106,22.864,45.911,101.94,-2.5898,-2.5317,-2.4747,-2.3924,-2.3075,-2.1858,-2.0537,-1.8631,-1.6439,-1.3222,-0.9201,-0.3655,0.43038,1.6081,3.4503,6.744,12.296,23.049,46.093,102.11,-2.2026,-2.1444,-2.0756,-2.0131,-1.9137,-1.792,-1.6659,-1.4753,-1.2608,-0.93911,-0.55442,0.045391,0.84403,2.027,3.8567,6.8444,12.712,23.454,46.496,102.51
-2.778,-2.724,-2.6574,-2.5773,-2.4848,-2.3692,-2.2272,-2.0487,-1.8179,-1.514,-1.1028,-0.53082,0.29146,1.52,3.4429,6.6346,12.326,23.384,47.203,105.55,-2.5945,-2.5438,-2.4763,-2.3988,-2.3097,-2.2005,-2.0487,-1.8729,-1.6467,-1.3484,-0.94496,-0.3858,0.46913,1.7132,3.636,6.8246,12.51,23.564,47.379,105.72,-2.4546,-2.3963,-2.3387,-2.2562,-2.1689,-2.0467,-1.9107,-1.7392,-1.4926,-1.195,-0.79109,-0.23175,0.56949,1.7731,3.7928,6.9802,12.66,23.709,47.522,105.86,-2.2763,-2.218,-2.1609,-2.0784,-1.994,-1.8718,-1.7398,-1.5481,-1.3289,-1.0079,-0.60034,-0.041604,0.76155,1.9516,3.8213,7.1759,12.849,23.892,47.702,106.04,-1.8921,-1.8338,-1.7673,-1.7022,-1.6024,-1.4803,-1.3552,-1.1635,-0.94864,-0.62451,-0.2382,0.36776,1.1739,2.3698,4.2229,7.256,13.263,24.296,48.103,106.43
-2.4564,-2.4034,-2.3392,-2.2641,-2.1709,-2.0563,-1.9051,-1.7257,-1.4942,-1.1889,-0.77528,-0.19936,0.6303,1.8732,3.8222,7.0685,12.881,24.227,48.81,109.49,-2.2777,-2.2242,-2.1612,-2.0784,-1.9889,-1.8798,-1.7273,-1.5511,-1.3245,-1.0252,-0.62008,-0.057404,0.79252,2.0661,4.015,7.2577,13.064,24.405,48.984,109.66,-2.1347,-2.0762,-2.0192,-1.9364,-1.8492,-1.7266,-1.5905,-1.4193,-1.1711,-0.87245,-0.4668,0.096185,0.90425,2.1137,4.1715,7.4127,13.212,24.549,49.125,109.8,-1.9583,-1.9046,-1.8425,-1.7597,-1.676,-1.5533,-1.4216,-1.2289,-1.0095,-0.70015,-0.2768,0.28563,1.0957,2.2973,4.194,7.608,13.399,24.731,49.304,109.97,-1.5771,-1.5187,-1.4655,-1.387,-1.2869,-1.1642,-1.0401,-0.84742,-0.63252,-0.306,0.081599,0.69359,1.507,2.715,4.5902,7.6667,13.811,25.133,49.703,110.36
-2.1284,-2.0771,-2.0142,-1.9389,-1.8462,-1.7326,-1.5927,-1.4096,-1.1663,-0.85941,-0.44367,0.13577,0.97211,2.2287,4.2029,7.5023,13.433,25.063,50.406,113.43,-1.9576,-1.8991,-1.8369,-1.7548,-1.6642,-1.5547,-1.4096,-1.2249,-0.99794,-0.6977,-0.29127,0.27431,1.1183,2.4216,4.3955,7.6909,13.615,25.24,50.579,113.6,-1.8107,-1.7548,-1.6953,-1.6123,-1.5248,-1.4096,-1.2658,-1.0948,-0.84509,-0.54546,-0.1385,0.42758,1.2421,2.4565,4.552,7.8455,13.762,25.383,50.719,113.73,-1.6357,-1.5884,-1.519,-1.436,-1.3533,-1.2301,-1.0989,-0.90516,-0.6856,-0.38971,0.050833,0.61649,1.4331,2.6454,4.5684,8.0406,13.948,25.564,50.896,113.91,-1.2574,-1.1988,-1.1501,-1.067,-0.96656,-0.84338,-0.72037,-0.52663,-0.31201,0.016851,0.40533,1.0232,1.8434,3.0629,4.9588,8.1034,14.358,25.963,51.293,114.3
-1.8032,-1.7524,-1.6828,-1.6088,-1.5168,-1.4031,-1.2626,-1.0861,-0.85337,-0.52585,-0.10769,0.47475,1.317,2.5866,4.5849,7.9359,13.983,25.891,51.989,117.37,-1.6268,-1.5733,-1.5077,-1.4355,-1.3347,-1.2248,-1.0897,-0.89495,-0.66679,-0.36569,0.041711,0.60954,1.4466,2.7798,4.7777,8.1241,14.164,26.067,52.16,117.53,-1.4817,-1.4359,-1.3663,-1.2961,-1.1953,-1.0909,-0.93696,-0.76539,-0.5233,-0.21385,0.19414,0.76273,1.5831,2.8016,4.9344,8.2785,14.31,26.21,52.3,117.67,-1.3075,-1.2598,-1.1902,-1.1069,-1.0261,-0.90246,-0.77092,-0.57616,-0.35681,-0.064779,0.38299,0.95136,1.774,2.9962,4.9447,8.4737,14.495,26.39,52.476,117.84,-0.93261,-0.87392,-0.8247,-0.74144,-0.64062,-0.5233,-0.39543,-0.20067,0.013486,0.34463,0.73349,1.3572,2.1837,3.4139,5.3291,8.5419,14.903,26.788,52.872,118.23
-1.4671,-1.4154,-1.356,-1.2725,-1.1826,-1.069,-0.92784,-0.75159,-0.52229,-0.21069,0.23226,0.81785,1.6649,2.9466,4.9679,8.3689,14.529,26.71,53.554,121.29,-1.2897,-1.2429,-1.1732,-1.1011,-0.99991,-0.88939,-0.75588,-0.56014,-0.3314,-0.029285,0.37917,0.94853,1.7775,3.1406,5.1614,8.5572,14.709,26.886,53.725,121.45,-1.1471,-1.1012,-1.0315,-0.96093,-0.85978,-0.75773,-0.60315,-0.43105,-0.21069,0.12251,0.53151,1.102,1.9276,3.1543,5.3189,8.7119,14.856,27.029,53.865,121.59,-0.98346,-0.92465,-0.85493,-0.79448,-0.69371,-0.56958,-0.43732,-0.24158,-0.022748,0.26895,0.72023,1.2908,2.1188,3.3499,5.3229,8.9076,15.04,27.208,54.041,121.76,-0.60201,-0.54319,-0.49281,-0.40931,-0.30816,-0.21069,-0.06449,0.13125,0.34485,0.67822,1.0669,1.6962,2.5286,3.7687,5.7015,8.9818,15.447,27.606,54.436,122.15
-1.1345,-1.0756,-1.0127,-0.9441,-0.84263,-0.73011,-0.58875,-0.412,-0.18331,0.12056,0.55837,1.165,2.0159,3.3086,5.3516,8.8006,15.069,27.517,55.094,125.18,-0.95627,-0.90174,-0.83247,-0.76067,-0.67384,-0.54925,-0.41581,-0.2295,0.008982,0.3113,0.72124,1.2916,2.1191,3.4986,5.5467,8.9898,15.251,27.694,55.268,125.35,-0.81818,-0.75925,-0.68936,-0.6203,-0.51883,-0.41762,-0.26238,-0.090958,0.1284,0.46396,0.87401,1.4461,2.2757,3.51,5.7031,9.1456,15.398,27.837,55.408,125.48,-0.64198,-0.58305,-0.51316,-0.45521,-0.35373,-0.2295,-0.097027,0.099673,0.3174,0.6086,1.0633,1.6356,2.468,3.7071,5.7031,9.3427,15.583,28.018,55.586,125.66,-0.26314,-0.22244,-0.15255,-0.06882,0.032654,0.11864,0.27388,0.47058,0.68351,1.0191,1.4067,2.0417,2.8791,4.1282,6.0768,9.4232,15.991,28.416,55.982,126.05
-0.78673,-0.73799,-0.66794,-0.59552,-0.5118,-0.38677,-0.24512,-0.067741,0.16002,0.46363,0.88012,1.5152,2.37,3.6719,5.7354,9.23,15.602,28.306,56.602,129.02,-0.61034,-0.55128,-0.49866,-0.4147,-0.32821,-0.20317,-0.069287,0.09957,0.35505,0.65679,1.0678,1.6391,2.4691,3.8507,5.9335,9.4216,15.787,28.487,56.78,129.2,-0.46941,-0.41036,-0.35632,-0.27237,-0.17058,-0.069345,0.086534,0.25628,0.47401,0.8117,1.2223,1.7957,2.6281,3.8685,6.0854,9.5796,15.937,28.633,56.924,129.34,-0.29165,-0.2326,-0.1674,-0.10541,-0.0036215,0.096398,0.25228,0.42333,0.66553,0.95559,1.4136,1.9872,2.8228,4.0686,6.0854,9.7795,16.125,28.817,57.106,129.51,0.086907,0.13017,0.20022,0.28417,0.38596,0.46675,0.62263,0.82027,1.0322,1.3699,1.7551,2.3955,3.2372,4.4937,6.4561,9.8662,16.536,29.219,57.506,129.91
-0.43454,-0.38858,-0.32695,-0.24278,-0.16128,-0.046759,0.10271,0.28079,0.50748,0.81021,1.2214,1.8494,2.7265,4.0355,6.1181,9.6552,16.124,29.072,58.065,132.79,-0.25397,-0.20232,-0.1443,-0.060126,0.023588,0.14906,0.28381,0.45086,0.70771,1.0082,1.4191,1.9915,2.8221,4.2053,6.3213,9.8518,16.316,29.261,58.253,132.97,-0.11112,-0.051952,-0.00045116,0.083721,0.16251,0.28798,0.41426,0.61282,0.82811,1.1679,1.5778,2.1521,2.9854,4.2303,6.4698,10.014,16.471,29.414,58.404,133.12,0.069161,0.12833,0.17272,0.2569,0.35899,0.45797,0.61448,0.76832,1.0252,1.3131,1.7745,2.3477,3.1848,4.4352,6.4698,10.219,16.665,29.603,58.592,133.31,0.44363,0.50279,0.573,0.65717,0.7448,0.83065,0.98715,1.1857,1.3971,1.7368,2.1158,2.7616,3.606,4.8672,6.8411,10.311,17.085,30.015,59.002,133.72
-0.095002,-0.035725,0.024631,0.10902,0.19788,0.29759,0.45471,0.63286,0.85846,1.1593,1.5689,2.1822,3.0833,4.398,6.4978,10.073,16.63,29.805,59.467,136.45,0.10676,0.1505,0.22086,0.2803,0.38269,0.48661,0.64373,0.80952,1.0677,1.367,1.7762,2.3486,3.1775,4.5625,6.7095,10.279,16.834,30.008,59.669,136.65,0.26037,0.29527,0.36563,0.45002,0.52973,0.65563,0.7803,0.97975,1.194,1.5325,1.9439,2.5172,3.3486,4.5956,6.8566,10.45,16.999,30.173,59.833,136.81,0.44323,0.47933,0.54969,0.63407,0.72886,0.83292,0.99004,1.1431,1.4013,1.6872,2.1518,2.7218,3.5567,4.8083,6.8566,10.662,17.204,30.375,60.035,137.01,0.83326,0.89254,0.9629,1.0473,1.0921,1.218,1.3751,1.5325,1.79,2.1318,2.4988,3.1273,3.9916,5.2521,7.2339,10.757,17.64,30.804,60.464,137.44
0.2593,0.31487,0.37853,0.44838,0.55107,0.65715,0.79626,0.98773,1.211,1.5083,1.9143,2.5179,3.4375,4.7568,6.871,10.477,17.109,30.491,60.782,139.95,0.45991,0.51929,0.5898,0.65416,0.75685,0.8557,1.0134,1.1775,1.3969,1.7343,2.1403,2.709,3.5333,4.9223,7.097,10.703,17.335,30.717,61.008,140.18,0.62361,0.683,0.75351,0.81064,0.91333,1.0396,1.1612,1.3615,1.5744,1.8631,2.3243,2.8929,3.7172,4.964,7.2456,10.887,17.519,30.901,61.192,140.36,0.82105,0.88044,0.95095,1.0355,1.102,1.2283,1.3861,1.5398,1.7993,2.0814,2.5179,3.1178,3.9421,5.1889,7.2456,11.112,17.744,31.126,61.417,140.59,1.25,1.3094,1.3799,1.4179,1.5206,1.6469,1.8046,1.9432,2.2027,2.5179,2.9267,3.4717,4.4073,5.654,7.6367,11.206,18.209,31.591,61.882,141.05
8.6517e-05,0.059024,0.12663,0.20598,0.30058,0.41531,0.55684,0.73484,0.96432,1.2701,1.6906,2.2843,3.1506,4.4716,6.5937,10.223,16.922,30.499,61.404,142.77,8.6517e-05,0.059024,0.12663,0.20598,0.30058,0.41531,0.55684,0.73484,0.96432,1.2701,1.6906,2.2843,3.1506,4.4716,6.5937,10.223,16.922,30.499,61.404,142.77,8.6517e-05,0.059024,0.12663,0.20598,0.30058,0.41531,0.55684,0.73484,0.96432,1.2701,1.6906,2.2843,3.1506,4.4716,6.5937,10.223,16.922,30.499,61.404,142.77,8.6517e-05,0.059024,0.12663,0.20598,0.30058,0.41531,0.55684,0.73484,0.96432,1.2701,1.6906,2.2843,3.1506,4.4716,6.5937,10.223,16.922,30.499,61.404,142.77,8.6517e-05,0.059024,0.12663,0.20598,0.30058,0.41531,0.55684,0.73484,0.96432,1.2701,1.6906,2.2843,3.1506,4.4716,6.5937,10.223,16.922,30.499,61.404,142.77
7.7282e-05,0.059023,0.12643,0.20522,0.2988,0.41188,0.55083,0.72502,0.95015,1.2529,1.6704,2.2576,3.1151,4.4245,6.5298,10.135,16.799,30.329,61.2,142.74,7.7282e-05,0.059023,0.12643,0.20522,0.2988,0.41188,0.55083,0.72502,0.95015,1.2529,1.6704,2.2576,3.1151,4.4245,6.5298,10.135,16.799,30.329,61.2,142.74,7.7282e-05,0.059023,0.12643,0.20522,0.2988,0.41188,0.55083,0.72502,0.95015,1.2529,1.6704,2.2576,3.1151,4.4245,6.5298,10.135,16.799,30.329,61.2,142.74,7.7282e-05,0.059023,0.12643,0.20522,0.2988,0.41188,0.55083,0.72502,0.95015,1.2529,1.6704,2.2576,3.1151,4.4245,6.5298,10.135,16.799,30.329,61.2,142.74,7.7282e-05,0.059023,0.12643,0.20522,0.2988,0.41188,0.55083,0.72502,0.95015,1.2529,1.6704,2.2576,3.1151,4.4245,6.5298,10.135,16.799,30.329,61.2,142.74
6.7955e-05,0.059001,0.12614,0.20416,0.29633,0.40701,0.54201,0.71052,0.93109,1.2324,1.6433,2.2215,3.0675,4.3605,6.4411,10.009,16.616,30.05,60.789,142.27,6.7955e-05,0.059001,0.12614,0.20416,0.29633,0.40701,0.54201,0.71052,0.93109,1.2324,1.6433,2.2215,3.0675,4.3605,6.4411,10.009,16.616,30.05,60.789,142.27,6.7955e-05,0.059001,0.12614,0.20416,0.29633,0.40701,0.54201,0.71052,0.93109,1.2324,1.6433,2.2215,3.0675,4.3605,6.4411,10.009,16.616,30.05,60.789,142.27,6.7955e-05,0.059001,0.12614,0.20416,0.29633,0.40701,0.54201,0.71052,0.93109,1.2324,1.6433,2.2215,3.0675,4.3605,6.4411,10.009,16.616,30.05,60.789,142.27,6.7955e-05,0.059001,0.12614,0.20416,0.29633,0.40701,0.54201,0.71052,0.93109,1.2324,1.6433,2.2215,3.0675,4.3605,6.4411,10.009,16.616,30.05,60.789,142.27
5.8534e-05,0.058965,0.12572,0.20266,0.29272,0.39957,0.5278,0.68802,0.90973,1.2044,1.6057,2.172,3.0021,4.271,6.3152,9.8278,16.34,29.605,60.066,141.14,5.8534e-05,0.058965,0.12572,0.20266,0.29272,0.39957,0.5278,0.68802,0.90973,1.2044,1.6057,2.172,3.0021,4.271,6.3152,9.8278,16.34,29.605,60.066,141.14,5.8534e-05,0.058965,0.12572,0.20266,0.29272,0.39957,0.5278,0.68802,0.90973,1.2044,1.6057,2.172,3.0021,4.271,6.3152,9.8278,16.34,29.605,60.066,141.14,5.8534e-05,0.058965,0.12572,0.20266,0.29272,0.39957,0.5278,0.68802,0.90973,1.2044,1.6057,2.172,3.0021,4.271,6.3152,9.8278,16.34,29.605,60.066,141.14,5.8534e-05,0.058965,0.12572,0.20266,0.29272,0.39957,0.5278,0.68802,0.90973,1.2044,1.6057,2.172,3.0021,4.271,6.3152,9.8278,16.34,29.605,60.066,141.14
4.902e-05,0.05891,0.12511,0.2004,0.28697,0.38654,0.49989,0.66486,0.87968,1.1636,1.552,2.1022,2.9084,4.1407,6.1313,9.5589,15.913,28.892,58.848,138.95,4.902e-05,0.05891,0.12511,0.2004,0.28697,0.38654,0.49989,0.66486,0.87968,1.1636,1.552,2.1022,2.9084,4.1407,6.1313,9.5589,15.913,28.892,58.848,138.95,4.902e-05,0.05891,0.12511,0.2004,0.28697,0.38654,0.49989,0.66486,0.87968,1.1636,1.552,2.1022,2.9084,4.1407,6.1313,9.5589,15.913,28.892,58.848,138.95,4.902e-05,0.05891,0.12511,0.2004,0.28697,0.38654,0.49989,0.66486,0.87968,1.1636,1.552,2.1022,2.9084,4.1407,6.1313,9.5589,15.913,28.892,58.848,138.95,4.902e-05,0.05891,0.12511,0.2004,0.28697,0.38654,0.49989,0.66486,0.87968,1.1636,1.552,2.1022,2.9084,4.1407,6.1313,9.5589,15.913,28.892,58.848,138.95
3.941e-05,0.058822,0.12413,0.1966,0.27608,0.35076,0.47348,0.63067,0.83266,1.1018,1.4726,1.9975,2.7648,3.9412,5.852,9.1336,15.217,27.717,56.796,134.87,3.941e-05,0.058822,0.12413,0.1966,0.27608,0.35076,0.47348,0.63067,0.83266,1.1018,1.4726,1.9975,2.7648,3.9412,5.852,9.1336,15.217,27.717,56.796,134.87,3.941e-05,0.058822,0.12413,0.1966,0.27608,0.35076,0.47348,0.63067,0.83266,1.1018,1.4726,1.9975,2.7648,3.9412,5.852,9.1336,15.217,27.717,56.796,134.87,3.941e-05,0.058822,0.12413,0.1966,0.27608,0.35076,0.47348,0.63067,0.83266,1.1018,1.4726,1.9975,2.7648,3.9412,5.852,9.1336,15.217,27.717,56.796,134.87,3.941e-05,0.058822,0.12413,0.1966,0.27608,0.35076,0.47348,0.63067,0.83266,1.1018,1.4726,1.9975,2.7648,3.9412,5.852,9.1336,15.217,27.717,56.796,134.87
2.9704e-05,0.058674,0.12239,0.18877,0.22918,0.31872,0.44303,0.60118,0.80245,1.0638,1.411,1.8848,2.552,3.6186,5.379,8.3829,13.984,25.69,53.145,126.92,2.9704e-05,0.058674,0.12239,0.18877,0.22918,0.31872,0.44303,0.60118,0.80245,1.0638,1.411,1.8848,2.552,3.6186,5.379,8.3829,13.984,25.69,53.145,126.92,2.9704e-05,0.058674,0.12239,0.18877,0.22918,0.31872,0.44303,0.60118,0.80245,1.0638,1.411,1.8848,2.552,3.6186,5.379,8.3829,13.984,25.69,53.145,126.92,2.9704e-05,0.058674,0.12239,0.18877,0.22918,0.31872,0.44303,0.60118,0.80245,1.0638,1.411,1.8848,2.552,3.6186,5.379,8.3829,13.984,25.69,53.145,126.92,2.9704e-05,0.058674,0.12239,0.18877,0.22918,0.31872,0.44303,0.60118,0.80245,1.0638,1.411,1.8848,2.552,3.6186,5.379,8.3829,13.984,25.69,53.145,126.92
1.9901e-05,0.058395,0.11838,0.12957,0.21408,0.31683,0.42242,0.5446,0.71344,0.95027,1.276,1.7416,2.4383,3.5329,5.0293,7.4358,11.606,21.808,45.387,109.19,1.9901e-05,0.058395,0.11838,0.12957,0.21408,0.31683,0.42242,0.5446,0.71344,0.95027,1.276,1.7416,2.4383,3.5329,5.0293,7.4358,11.606,21.808,45.387,109.19,1.9901e-05,0.058395,0.11838,0.12957,0.21408,0.31683,0.42242,0.5446,0.71344,0.95027,1.276,1.7416,2.4383,3.5329,5.0293,7.4358,11.606,21.808,45.387,109.19,1.9901e-05,0.058395,0.11838,0.12957,0.21408,0.31683,0.42242,0.5446,0.71344,0.95027,1.276,1.7416,2.4383,3.5329,5.0293,7.4358,11.606,21.808,45.387,109.19,1.9901e-05,0.058395,0.11838,0.12957,0.21408,0.31683,0.42242,0.5446,0.71344,0.95027,1.276,1.7416,2.4383,3.5329,5.0293,7.4358,11.606,21.808,45.387,109.19
1e-05,0.057686,0.059235,0.12597,0.14963,0.21423,0.31707,0.429,0.54895,0.71809,0.96344,1.3312,1.891,2.5618,3.5429,5.4245,9.9143,19.319,35.061,71.259,1e-05,0.057686,0.059235,0.12597,0.14963,0.21423,0.31707,0.429,0.54895,0.71809,0.96344,1.3312,1.891,2.5618,3.5429,5.4245,9.9143,19.319,35.061,71.259,1e-05,0.057686,0.059235,0.12597,0.14963,0.21423,0.31707,0.429,0.54895,0.71809,0.96344,1.3312,1.891,2.5618,3.5429,5.4245,9.9143,19.319,35.061,71.259,1e-05,0.057686,0.059235,0.12597,0.14963,0.21423,0.31707,0.429,0.54895,0.71809,0.96344,1.3312,1.891,2.5618,3.5429,5.4245,9.9143,19.319,35.061,71.259,1e-05,0.057686,0.059235,0.12597,0.14963,0.21423,0.31707,0.429,0.54895,0.71809,0.96344,1.3312,1.891,2.5618,3.5429,5.4245,9.9143,19.319,35.061,71.259
0,6.171e-11,5.0145e-11,5.1925e-11,4.4655e-11,3.413e-11,5.6592e-11,4.2224e-11,6.1923e-11,4.8829e-11,3.4528e-11,5.6819e-11,4.5247e-11,3.5791e-11,6.3198e-11,6.0796e-11,6.2515e-11,3.6787e-11,5.4435e-11,4.5898e-11,0,6.171e-11,5.0145e-11,5.1925e-11,4.4655e-11,3.413e-11,5.6592e-11,4.2224e-11,6.1923e-11,4.8829e-11,3.4528e-11,5.6819e-11,4.5247e-11,3.5791e-11,6.3198e-11,6.0796e-11,6.2515e-11,3.6787e-11,5.4435e-11,4.5898e-11,0,6.171e-11,5.0145e-11,5.1925e-11,4.4655e-11,3.413e-11,5.6592e-11,4.2224e-11,6.1923e-11,4.8829e-11,3.4528e-11,5.6819e-11,4.5247e-11,3.5791e-11,6.3198e-11,6.0796e-11,6.2515e-11,3.6787e-11,5.4435e-11,4.5898e-11,0,6.171e-11,5.0145e-11,5.1925e-11,4.4655e-11,3.413e-11,5.6592e-11,4.2224e-11,6.1923e-11,4.8829e-11,3.4528e-11,5.6819e-11,4.5247e-11,3.5791e-11,6.3198e-11,6.0796e-11,6.2515e-11,3.6787e-11,5.4435e-11,4.5898e-11,0,6.171e-11,5.0145e-11,5.1925e-11,4.4655e-11,3.413e-11,5.6592e-11,4.2224e-11,6.1923e-11,4.8829e-11,3.4528e-11,5.6819e-11,4.5247e-11,3.5791e-11,6.3198e-11,6.0796e-11,6.2515e-11,3.6787e-11,5.4435e-11,4.5898e-11
